,baseline_1,baseline_2,baseline_7,sl_lstm,ml_lstm,sl_lstm_s2s,ml_lstm_s2s,cnn_sl_lstm_s2s,cnn_ml_lstm_s2s,addictive_sl,addictive_ml,multihead_sl,multihead_ml,nbeats_lstm,nbeats_add_lstm,nbeats_mh_lstm
0,0.050868094,0.12072779,0.12321407,0.12556125,0.2059582,0.20564736,0.205724,0.23658079,0.22882341,0.22888951,0.24806544,0.23865464,0.23075485,0.22239608,0.21532273,0.20926245
1,0.07963207,0.120811895,0.12325696,0.12578355,0.20597497,0.2056653,0.2058035,0.23658518,0.22884218,0.22895275,0.2480801,0.23867199,0.23077182,0.2224151,0.21533608,0.20927382
2,0.08371519,0.12083843,0.12325953,0.12601547,0.20599148,0.20568429,0.20587578,0.23658529,0.22886498,0.22901721,0.24809931,0.23869316,0.23078807,0.22243549,0.21535353,0.20928653
3,0.08793988,0.12088229,0.12334397,0.12624237,0.2060001,0.20570996,0.20595263,0.2365887,0.22888699,0.22908027,0.24811918,0.23871487,0.23080556,0.22245868,0.2153702,0.20930022
4,0.08802439,0.12120428,0.123415425,0.1264642,0.20600863,0.20573586,0.20602734,0.23659281,0.22890839,0.2291446,0.2481392,0.23873648,0.23082505,0.22247855,0.21538424,0.20931499
5,0.088852525,0.12160446,0.12349763,0.12668334,0.20602468,0.20575757,0.20610543,0.23659612,0.22893241,0.22920932,0.24815987,0.23875979,0.23084132,0.22249734,0.21540104,0.2093297
6,0.09003612,0.12175049,0.12356457,0.12690827,0.20604467,0.20578001,0.20618232,0.2365971,0.22895531,0.22927405,0.24817446,0.23878147,0.23085965,0.22251898,0.21541615,0.20934385
7,0.09074444,0.12184484,0.123621196,0.1271208,0.20606597,0.20580554,0.20626074,0.2365994,0.22897916,0.22933818,0.24819496,0.2388034,0.23087667,0.22253881,0.21543403,0.20936014
8,0.09105068,0.12186042,0.123704225,0.12736309,0.20608868,0.20583293,0.20634241,0.23660058,0.22900331,0.22940439,0.24821378,0.23882364,0.230896,0.22255841,0.2154492,0.20937745
9,0.094058596,0.12193954,0.123822734,0.12760064,0.20611535,0.20585988,0.20642097,0.23660408,0.22903122,0.2294682,0.24823612,0.23884445,0.23091516,0.22257748,0.21546453,0.2093919
10,0.094750494,0.12200028,0.123856075,0.12781726,0.20613618,0.20588264,0.20649846,0.23660412,0.22905268,0.22953382,0.24825336,0.23886707,0.23093462,0.22259662,0.21548218,0.2094079
11,0.09524238,0.12226278,0.12391261,0.12803897,0.20615728,0.20590504,0.20657833,0.2366046,0.2290758,0.22959742,0.24827382,0.2388867,0.23094983,0.22261538,0.21549939,0.2094216
12,0.09687226,0.122402236,0.123991765,0.12824507,0.20617005,0.20592713,0.20665438,0.23660642,0.22910023,0.22966206,0.24829286,0.23890889,0.23096952,0.22263345,0.2155181,0.20943703
13,0.103905015,0.12268334,0.12414566,0.12845841,0.20618522,0.20595509,0.20673233,0.2366081,0.22912496,0.22972675,0.24831323,0.23892935,0.2309867,0.2226518,0.21553472,0.20945227
14,0.10512287,0.122690886,0.124146156,0.12864985,0.20619722,0.2059789,0.20679349,0.2366085,0.22914852,0.22977996,0.24833404,0.23895413,0.23100714,0.22267435,0.21555154,0.20946845
15,0.10835643,0.12286266,0.124292046,0.12886384,0.20621361,0.20600271,0.20687099,0.23660903,0.22917321,0.22984336,0.2483546,0.23897408,0.2310245,0.22269452,0.21557082,0.20948265
16,0.10853346,0.12289201,0.12433499,0.1290858,0.20623969,0.20600395,0.20694885,0.23660964,0.22917552,0.22990642,0.24835688,0.23897563,0.23102653,0.22269662,0.21557151,0.20948438
17,0.111993976,0.12306984,0.12438732,0.12931499,0.2062501,0.20603552,0.2070264,0.23661014,0.22920123,0.22996844,0.24837935,0.23899691,0.23104613,0.22271727,0.21559075,0.20950171
18,0.11410256,0.123238444,0.12449869,0.12952961,0.2062623,0.20606284,0.20710665,0.2366115,0.22922829,0.2300318,0.24839938,0.2390201,0.23106718,0.22273904,0.21561107,0.20951878
19,0.117139295,0.123300456,0.124499485,0.12975776,0.20627765,0.20608768,0.20718749,0.23661229,0.22925507,0.23009698,0.24842228,0.23904356,0.23108654,0.22276188,0.21563026,0.20953281
20,0.119325176,0.12339681,0.12456332,0.12998345,0.20630582,0.20611751,0.20726402,0.2366124,0.22927701,0.23016083,0.24844235,0.2390704,0.23110397,0.22278793,0.21564911,0.20955002
21,0.12181972,0.12382683,0.12463403,0.13022058,0.20632264,0.20614283,0.20734347,0.23661278,0.2293026,0.23022361,0.24846259,0.23909713,0.23112504,0.22281152,0.21566883,0.20956746
22,0.12242549,0.123890124,0.12475371,0.13045172,0.20633753,0.20617343,0.20741981,0.23661397,0.22932655,0.23028784,0.24848527,0.23912373,0.23114304,0.22283408,0.21568793,0.20958708
23,0.12363788,0.12410425,0.1247634,0.13066106,0.20634584,0.20620723,0.20749564,0.23661523,0.22935353,0.2303513,0.24850966,0.23914765,0.23116466,0.22285688,0.21570623,0.20960355
24,0.12374079,0.124304675,0.12486085,0.1308816,0.20636645,0.20623206,0.20757487,0.23661765,0.2293812,0.23041685,0.2485331,0.23916914,0.2311844,0.2228808,0.21572502,0.2096223
25,0.12419314,0.12430474,0.124950014,0.13110693,0.20637472,0.20625651,0.2076538,0.23661818,0.22940944,0.2304795,0.24855348,0.23919313,0.23120438,0.2229037,0.21574177,0.20963812
26,0.12421444,0.124484144,0.12497241,0.13132018,0.20638385,0.20628656,0.20773034,0.23661837,0.2294339,0.23054236,0.24857357,0.23921385,0.2312247,0.22292703,0.2157612,0.20965445
27,0.124284565,0.124564245,0.12508988,0.13153768,0.2063929,0.20631595,0.2078079,0.23661873,0.22946203,0.23060684,0.24859385,0.23923792,0.23124409,0.22294794,0.21578033,0.20967165
28,0.124310054,0.12461256,0.12510338,0.13176015,0.20640887,0.20634417,0.20788239,0.2366201,0.22948717,0.2306707,0.24861892,0.23925956,0.2312655,0.22297157,0.2158012,0.20968828
29,0.12443502,0.124675,0.12518209,0.13194256,0.20642108,0.2063654,0.2079468,0.2366208,0.22951531,0.2307236,0.24864298,0.23928386,0.23128451,0.22299293,0.21582048,0.20970626
30,0.12457672,0.12479955,0.12533109,0.13218337,0.20644155,0.20639214,0.20802562,0.23662499,0.22954176,0.23078789,0.2486635,0.23930638,0.23130508,0.22301516,0.21583955,0.20972222
31,0.12531506,0.124929346,0.125338,0.13240032,0.20646241,0.20641975,0.20810674,0.23662683,0.22956705,0.2308524,0.24868494,0.23933189,0.2313256,0.223039,0.21585798,0.20973958
32,0.12536938,0.12493925,0.12534517,0.13263367,0.2064796,0.20644765,0.20818527,0.2366323,0.22959396,0.23091847,0.24870996,0.23935829,0.23134592,0.22306094,0.2158773,0.20975827
33,0.12572278,0.12495725,0.12543388,0.13286373,0.20649844,0.20647937,0.20826389,0.23663493,0.22962259,0.23098384,0.24873376,0.23938227,0.23136587,0.22308682,0.21589796,0.20977528
34,0.12585157,0.1250741,0.12545495,0.13309762,0.20652513,0.20650603,0.20833962,0.23664148,0.22964926,0.23104954,0.24875592,0.23940656,0.23138553,0.22311088,0.21591538,0.20979203
35,0.12592027,0.12507653,0.12547927,0.13331951,0.20654252,0.2065364,0.20841892,0.23664556,0.2296753,0.23111686,0.24877916,0.23942879,0.23140633,0.22313617,0.21593457,0.20980884
36,0.125938,0.12508133,0.12560353,0.13354526,0.20656966,0.20657137,0.20849764,0.23664589,0.2297039,0.23118109,0.24880007,0.23945342,0.23142599,0.2231589,0.21595527,0.20982742
37,0.12594762,0.12516826,0.12571153,0.13377087,0.2065908,0.20659609,0.20857383,0.23664762,0.22972953,0.23124425,0.24882121,0.2394766,0.23144355,0.22317791,0.21597223,0.20984256
38,0.12598792,0.12519944,0.12573205,0.13398497,0.20661424,0.20663014,0.20865037,0.23665383,0.22975828,0.23130815,0.24884625,0.23950356,0.2314663,0.22320218,0.21599166,0.20986249
39,0.1260407,0.12521347,0.12573893,0.13419035,0.20663291,0.20666327,0.2087286,0.23666078,0.22978748,0.23137474,0.24887066,0.23952927,0.23148964,0.22322634,0.21601105,0.20987882
40,0.12607984,0.12521966,0.12574479,0.13439831,0.20665425,0.20669433,0.20880556,0.23666401,0.2298181,0.23144029,0.24889326,0.23955707,0.23151137,0.22324903,0.21603249,0.20989612
41,0.12608081,0.12522116,0.12578885,0.13461854,0.2066845,0.20672679,0.20888078,0.23666559,0.22984742,0.23150483,0.24891654,0.23958382,0.23153485,0.22327225,0.21605366,0.20991503
42,0.12622517,0.12528454,0.12579052,0.13484168,0.20670909,0.20675948,0.20895816,0.23667224,0.22987792,0.23156996,0.24894094,0.23960781,0.23155718,0.22329473,0.21607469,0.20993358
43,0.12623988,0.1253005,0.12579542,0.13504921,0.20672943,0.20679305,0.20903423,0.23667362,0.22990593,0.23163554,0.2489658,0.23963289,0.23158042,0.22331677,0.21609575,0.20995225
44,0.12624939,0.12530364,0.12582326,0.13522618,0.20674875,0.2068252,0.20909598,0.23667812,0.22993541,0.23168956,0.24899097,0.2396608,0.23160298,0.22333841,0.21611668,0.20996894
45,0.12626128,0.1253723,0.12584262,0.13545927,0.20677416,0.20685887,0.2091707,0.23668744,0.22996606,0.23175749,0.24901634,0.23968777,0.23162429,0.2233621,0.21613882,0.2099867
46,0.12627013,0.12538819,0.12585132,0.13567628,0.2068088,0.20689002,0.20924652,0.23669562,0.22999543,0.23182358,0.24904062,0.2397136,0.23164551,0.22338648,0.2161587,0.21000563
47,0.12628973,0.12539035,0.12585638,0.13590035,0.20684001,0.20692533,0.20932339,0.23670208,0.23002632,0.23189208,0.24906558,0.23974045,0.23166722,0.22340843,0.21618088,0.21002398
48,0.12632103,0.12539475,0.12585844,0.13612698,0.20687024,0.20695741,0.20939714,0.23670715,0.23005667,0.23196043,0.24908935,0.23976709,0.23168822,0.22343302,0.21619998,0.21004328
49,0.12638837,0.12541133,0.12586656,0.13634486,0.20690173,0.20699094,0.20947355,0.2367145,0.2300859,0.23202927,0.24911404,0.2397928,0.23171093,0.22345573,0.21622053,0.21006192
50,0.12644075,0.12547308,0.12586902,0.136576,0.20693521,0.20702516,0.20954867,0.23671947,0.23011461,0.23209715,0.24913932,0.23981912,0.23173267,0.22347935,0.21624213,0.2100792
51,0.12648708,0.12548794,0.12588707,0.13680284,0.20697716,0.20705672,0.20962416,0.23672473,0.23014235,0.23216656,0.24916522,0.23984674,0.23175496,0.2235012,0.21626359,0.21009846
52,0.1267777,0.12551178,0.12590602,0.13703848,0.20699923,0.20707572,0.20970333,0.23673774,0.23016109,0.23223458,0.2491818,0.23986222,0.23176946,0.22351307,0.21627557,0.21010691
53,0.1268404,0.12555183,0.12591057,0.13726851,0.20703854,0.20709525,0.20977877,0.23674609,0.23018353,0.23230211,0.24919778,0.23988183,0.2317846,0.22352958,0.21628934,0.21011986
54,0.12695959,0.12556517,0.12595244,0.13748062,0.20706628,0.20711498,0.20985268,0.23675478,0.23020196,0.23237139,0.24921483,0.23989974,0.23179999,0.22354361,0.21630196,0.21013132
55,0.12704131,0.12573333,0.12596881,0.13770531,0.20709804,0.20713545,0.20993082,0.23676683,0.23022485,0.23243855,0.24923296,0.23991683,0.2318158,0.22356078,0.21631405,0.21014328
56,0.12735052,0.1257583,0.12597325,0.13792907,0.20712778,0.2071552,0.21000437,0.23677501,0.23024592,0.23250602,0.24924916,0.23993814,0.23183182,0.2235766,0.21632697,0.21015401
57,0.12737682,0.12580127,0.1260343,0.1381522,0.20715572,0.20717789,0.21008547,0.23678309,0.23026498,0.2325753,0.24926573,0.23995437,0.23184614,0.2235945,0.21633843,0.2101643
58,0.12745346,0.12582994,0.12606187,0.13836846,0.2071819,0.2071981,0.21016386,0.23678967,0.23028645,0.23264264,0.2492865,0.23997469,0.23186257,0.22361271,0.21635333,0.21017295
59,0.12750468,0.12586649,0.12608933,0.1385619,0.20720944,0.20721743,0.21022601,0.236796,0.23030908,0.23269685,0.24930571,0.23999512,0.2318795,0.22362857,0.21636824,0.21018529
60,0.12766477,0.12589183,0.12610416,0.13879618,0.2072418,0.20723444,0.21029739,0.23680092,0.23032977,0.23276438,0.2493243,0.24001458,0.23189528,0.22364712,0.21638374,0.2101976
61,0.1276776,0.12593128,0.12612404,0.13901038,0.20727037,0.20725353,0.21037197,0.23681304,0.23035109,0.23283182,0.24934259,0.24003716,0.23191208,0.22366732,0.21639666,0.21021022
62,0.12776324,0.12595224,0.1261245,0.13922685,0.20730804,0.20727232,0.21044835,0.23682174,0.23036997,0.23289843,0.24935946,0.2400557,0.23193,0.22368595,0.21641174,0.21022317
63,0.12779845,0.12601224,0.1261336,0.13943867,0.20734869,0.2072927,0.21051893,0.23683369,0.23039338,0.23296686,0.24937862,0.24007575,0.23194681,0.2237001,0.21642683,0.2102359
64,0.12789284,0.12615311,0.12613793,0.1396763,0.20740443,0.20731452,0.21059579,0.23684081,0.23041664,0.2330363,0.24939504,0.24009337,0.23196477,0.22371496,0.21644114,0.21024922
65,0.1279465,0.12621327,0.12615138,0.1398888,0.20744115,0.20733711,0.21066824,0.23685642,0.23043607,0.23310344,0.24941139,0.24011251,0.23198105,0.22373141,0.21645561,0.21026142
66,0.12807734,0.12628491,0.12616977,0.14011995,0.2074813,0.20735681,0.2107392,0.23686527,0.23045963,0.23317301,0.24942721,0.24013184,0.231998,0.22374776,0.21646982,0.21027295
67,0.12807772,0.12629919,0.12617083,0.14034267,0.2075089,0.20737682,0.21081235,0.23687881,0.23048192,0.23324347,0.2494418,0.24014759,0.23201074,0.22376134,0.2164821,0.21028501
68,0.1281241,0.12634943,0.12624519,0.14056104,0.20753914,0.20739278,0.21088938,0.23688777,0.2305075,0.23331143,0.24945626,0.24016285,0.23202804,0.22377786,0.21649742,0.21029863
69,0.12816179,0.12637308,0.12626368,0.14077497,0.20757708,0.20741035,0.21096328,0.23690325,0.2305263,0.23338202,0.24946924,0.24018434,0.23204641,0.22379713,0.21650873,0.2103139
70,0.12816429,0.1265285,0.12627262,0.14100207,0.20761822,0.20743044,0.21103449,0.23691352,0.23054565,0.23345044,0.24948688,0.24020219,0.23206532,0.22381385,0.21652275,0.21032801
71,0.128209,0.12656794,0.12627433,0.14120601,0.20766151,0.20745121,0.21110973,0.2369238,0.23056601,0.23351811,0.2495027,0.24022014,0.23208453,0.22382927,0.2165386,0.21034075
72,0.12825589,0.12658736,0.12634118,0.1414437,0.20769392,0.20747353,0.21118313,0.2369354,0.23058943,0.23358947,0.2495233,0.24023764,0.23210163,0.2238445,0.21655294,0.21035375
73,0.12827872,0.12660277,0.12635088,0.14166236,0.20772238,0.20749222,0.21125379,0.2369451,0.23061006,0.23366214,0.24953939,0.24025658,0.23211296,0.2238598,0.21656758,0.21036683
74,0.12834121,0.12664826,0.126362,0.14182563,0.20775172,0.20751424,0.21131562,0.23695293,0.23062323,0.23371837,0.249558,0.24027877,0.23212889,0.22387771,0.21658288,0.21037866
75,0.12836367,0.12667568,0.12637097,0.14203937,0.20780198,0.20753166,0.21139279,0.23696925,0.23063955,0.23378718,0.24957627,0.24029599,0.23214652,0.22389373,0.21659604,0.21039297
76,0.12838686,0.12667613,0.12637596,0.14225736,0.20783733,0.20755547,0.21147346,0.23698215,0.23066041,0.23386082,0.24959196,0.24031743,0.2321599,0.22391018,0.21661058,0.21040338
77,0.12865843,0.1266774,0.12638211,0.14249158,0.2078772,0.20757942,0.21155336,0.23700064,0.2306815,0.23392992,0.24961063,0.24033807,0.23216866,0.22392754,0.21662492,0.21041508
78,0.12870356,0.12673092,0.1263855,0.1427089,0.20792374,0.20759578,0.21163215,0.23701316,0.23070075,0.23400116,0.2496272,0.2403575,0.23218872,0.22394216,0.21663862,0.21042745
79,0.1287386,0.12673141,0.1264136,0.14293303,0.20797382,0.20760892,0.21170978,0.23702914,0.2307231,0.23407137,0.24964704,0.24037729,0.23220544,0.22396262,0.21665187,0.21043806
80,0.12882593,0.12674111,0.12641752,0.14314236,0.20801505,0.20762973,0.2117912,0.23704611,0.23074578,0.23414068,0.24966581,0.24039459,0.23221946,0.22398019,0.2166689,0.21044931
81,0.1293124,0.12676659,0.12643242,0.14335583,0.20804964,0.20764562,0.21186678,0.23706263,0.2307677,0.23421103,0.24968493,0.24041255,0.23223467,0.22399756,0.21668078,0.21046154
82,0.12936492,0.12677221,0.12644815,0.14357905,0.2080969,0.20766172,0.2119471,0.23707658,0.23078178,0.23428303,0.24969898,0.24042466,0.23224914,0.22400583,0.21669039,0.21046738
83,0.12978078,0.12677729,0.12646237,0.14380692,0.20815058,0.2076772,0.21202457,0.23708725,0.23079966,0.23435342,0.2497122,0.24044064,0.23226443,0.22401863,0.21670088,0.21047667
84,0.12990677,0.12678112,0.1264717,0.14401907,0.20818822,0.20768939,0.21209818,0.23709932,0.23081817,0.23442452,0.24972554,0.24045806,0.23227535,0.22403304,0.21671237,0.21048412
85,0.13000146,0.12679303,0.12647992,0.14424776,0.20821965,0.20769994,0.21217719,0.23711532,0.23083754,0.23449583,0.24973828,0.24047662,0.23228975,0.2240455,0.21672234,0.21049316
86,0.13036191,0.12680101,0.12651008,0.14447503,0.20827107,0.20771228,0.21225835,0.2371325,0.23085439,0.23456727,0.24975383,0.24049331,0.23230483,0.22405942,0.21673447,0.21050045
87,0.13046297,0.12681751,0.12651739,0.14470133,0.20830189,0.2077277,0.21233594,0.2371448,0.23087142,0.2346373,0.24976783,0.2405099,0.23231728,0.22407362,0.21674448,0.21050893
88,0.13057607,0.12683915,0.1265227,0.14492112,0.20833279,0.20774193,0.21241534,0.23715748,0.23088902,0.23471248,0.24978203,0.24052763,0.23232947,0.22408691,0.21675545,0.21052031
89,0.13076872,0.1270321,0.12652935,0.14509383,0.2083633,0.20775622,0.21248409,0.2371686,0.230907,0.23476826,0.24979846,0.24054332,0.23234288,0.22410186,0.21676764,0.21052772
90,0.13083208,0.12703636,0.12653646,0.14530219,0.20838466,0.20777455,0.21255954,0.2371762,0.23091964,0.23483323,0.24981356,0.24055853,0.2323567,0.22411604,0.21677715,0.2105351
91,0.13088806,0.1270713,0.12654102,0.1455122,0.20840774,0.20779024,0.21263246,0.23718219,0.23093526,0.23489736,0.24982604,0.24057478,0.23237085,0.2241287,0.21678719,0.21054333
92,0.13097067,0.12714992,0.12661214,0.14573187,0.20842053,0.20780393,0.21270865,0.2371881,0.23095588,0.23496297,0.24984038,0.24059092,0.2323838,0.22414304,0.21679863,0.21055344
93,0.13104682,0.1271678,0.12663656,0.1459279,0.20845076,0.20781907,0.21278434,0.23719653,0.23097478,0.23502815,0.24985859,0.24060784,0.23239698,0.22415586,0.21680777,0.21056372
94,0.13109875,0.12718998,0.12664412,0.14614582,0.20847131,0.20783135,0.21285895,0.23720476,0.2309941,0.2350926,0.249873,0.24062325,0.23241204,0.22416934,0.21681657,0.210573
95,0.1312173,0.12719324,0.12664418,0.14636227,0.20849285,0.20784277,0.21293661,0.23721272,0.23101094,0.23515752,0.2498854,0.24063794,0.23242688,0.22418295,0.21682632,0.2105815
96,0.1313128,0.12722516,0.12664482,0.14657943,0.20851552,0.20786344,0.21301126,0.23722278,0.23102947,0.2352234,0.24990076,0.24065273,0.23244019,0.22419773,0.21683593,0.21059097
97,0.13227287,0.1272699,0.12666939,0.14678675,0.20854172,0.20789042,0.21308833,0.23722872,0.23105529,0.23528886,0.24991965,0.2406733,0.23245831,0.22421752,0.21685031,0.2106066
98,0.13326854,0.12728536,0.12674704,0.1469992,0.20856525,0.20792006,0.2131635,0.23723595,0.23108411,0.23535337,0.24994412,0.24070098,0.23247983,0.22424248,0.21687023,0.2106261
99,0.13361937,0.1273028,0.12682281,0.14720125,0.20859173,0.20795219,0.21323946,0.2372387,0.23111421,0.23541784,0.24996875,0.24072719,0.23250188,0.22426514,0.21689056,0.2106442
100,0.13401425,0.12734005,0.12693685,0.14741862,0.20861392,0.20798492,0.21331663,0.23724218,0.23114425,0.23548235,0.24999371,0.24075195,0.23252296,0.22428836,0.21691176,0.21066329
101,0.13496807,0.12734574,0.1270265,0.14761274,0.2086446,0.20801663,0.21338807,0.23724379,0.2311734,0.23554866,0.25001866,0.2407779,0.23254524,0.2243117,0.21693234,0.21068463
102,0.13522293,0.12735564,0.1272107,0.1478336,0.20867544,0.20805001,0.21346366,0.23724991,0.23120087,0.23561227,0.25004297,0.2408035,0.23256731,0.22433573,0.21695428,0.21070223
103,0.13550058,0.12743625,0.12723254,0.1480445,0.20868844,0.20808187,0.21353902,0.23725592,0.23122963,0.23567668,0.250066,0.24082933,0.23258992,0.22435842,0.21697468,0.21072254
104,0.1357454,0.12757,0.12733072,0.14820091,0.20871374,0.20811816,0.21359694,0.23725963,0.23126057,0.23573078,0.2500899,0.24085477,0.2326112,0.22438283,0.21699746,0.2107416
105,0.13610962,0.12777524,0.1273934,0.14841254,0.20875213,0.20814982,0.21367653,0.23727557,0.23128997,0.23580313,0.25011462,0.24088217,0.23263365,0.22440717,0.21701702,0.21076055
106,0.13645676,0.12779507,0.12741072,0.14863835,0.20879103,0.20818198,0.21376,0.23728754,0.23131725,0.23587185,0.25013983,0.24090846,0.23265527,0.22443064,0.2170378,0.21077767
107,0.13663128,0.12788819,0.12741953,0.1488492,0.20882478,0.20821336,0.21383584,0.23730306,0.2313443,0.2359424,0.25016502,0.24093466,0.23267731,0.22445634,0.21705982,0.21079609
108,0.13710532,0.12790388,0.1274543,0.14906257,0.20886567,0.20824605,0.21391927,0.23732032,0.23137389,0.23600988,0.25018695,0.24096136,0.23269889,0.22448088,0.21708152,0.21081617
109,0.13739777,0.12791686,0.12747467,0.1492785,0.20889714,0.20827869,0.21399659,0.23733166,0.23140132,0.23608151,0.2502102,0.24098562,0.23271872,0.2245033,0.2171026,0.21083486
110,0.13803387,0.12806,0.12759584,0.14949441,0.20893763,0.20830695,0.21407592,0.23734519,0.23143096,0.23615067,0.25023627,0.24101143,0.2327421,0.22452866,0.21712328,0.21085213
111,0.13865009,0.12821026,0.12774517,0.1497092,0.20896745,0.20833498,0.21415603,0.23735917,0.23145886,0.23622084,0.2502592,0.2410387,0.23276259,0.22455317,0.21714441,0.21086943
112,0.13977566,0.12828377,0.12781419,0.14994413,0.20901819,0.20835014,0.21423131,0.23737484,0.23147705,0.23629105,0.25027707,0.24105342,0.23277605,0.2245688,0.21716012,0.21088085
113,0.140454,0.1286906,0.12790257,0.15014888,0.20904435,0.20837241,0.21431309,0.2373863,0.23150344,0.23635742,0.25029272,0.24107459,0.23279452,0.2245877,0.21717724,0.21089353
114,0.14106773,0.12871437,0.12791474,0.15036793,0.20908086,0.2083983,0.21438903,0.23739858,0.23152904,0.2364282,0.25031215,0.24109656,0.23281454,0.22460634,0.21719398,0.21090642
115,0.14107941,0.12875111,0.12803997,0.15059666,0.20910834,0.20842274,0.21446392,0.23740919,0.23155802,0.2364914,0.25033152,0.2411195,0.2328343,0.22462696,0.21721102,0.21092136
116,0.14116968,0.12877467,0.12809908,0.15081224,0.20915039,0.20844644,0.21453787,0.23741831,0.23158123,0.23656029,0.25035036,0.24114089,0.23285298,0.22464319,0.2172275,0.21093664
117,0.14163454,0.12918983,0.12827851,0.15102975,0.20917098,0.20847027,0.21461758,0.23742881,0.23160699,0.23662642,0.25036988,0.24116223,0.23287326,0.22466208,0.21724643,0.21095136
118,0.14313106,0.12925552,0.12833372,0.1512389,0.2092044,0.20849742,0.2146968,0.23743923,0.23163252,0.23669411,0.25039122,0.24118423,0.23289248,0.22468285,0.21726231,0.21096534
119,0.14317994,0.12938502,,0.15142784,0.20922911,0.20852831,0.2147634,0.23744462,0.23165533,0.2367495,0.25041044,0.24120598,0.23290874,0.22469972,0.21727985,0.21098045
120,0.14329633,0.12946337,,0.1516501,0.20927264,0.20855457,0.21483956,0.23745768,0.23167785,0.2368212,0.25043294,0.24122733,0.23292753,0.22472088,0.21729758,0.21099477
121,0.14418708,,,0.15189072,0.20932451,0.2085775,0.21491496,0.23747022,0.23170343,0.23689419,0.25045627,0.2412505,0.23294365,0.22473978,0.21731277,0.2110106
122,,,,0.15211083,0.2093773,0.20860417,0.21499166,0.23748934,0.23172297,0.23696205,0.2504776,0.24127217,0.23296085,0.22475758,0.2173283,0.21102607
123,,,,0.1523087,0.20941418,0.20862289,0.21506396,0.23749824,0.23174813,0.23703066,0.25049633,0.24129419,0.23297875,0.2247776,0.21734439,0.21104036
124,,,,0.15252943,0.20945987,0.20864783,0.21513875,0.23751648,0.23177017,0.23710352,0.25051486,0.24131598,0.23299818,0.22479777,0.2173624,0.21105605
125,,,,0.1527375,0.20950739,0.20867595,0.21520956,0.2375349,0.23179713,0.23717709,0.25053558,0.24133788,0.23301685,0.22481759,0.21738161,0.2110694
126,,,,0.15293932,0.20954202,0.2086993,0.21528672,0.23754594,0.23182297,0.23724857,0.25055546,0.24135827,0.2330353,0.22483377,0.21739693,0.21108592
127,,,,0.15314196,0.20958956,0.20871484,0.2153603,0.237559,0.2318457,0.23732093,0.25056866,0.24137574,0.23305216,0.2248472,0.2174074,0.2110956
128,,,,0.15334865,0.20962693,0.20874141,0.21543682,0.237577,0.2318697,0.23739155,0.25058883,0.24139845,0.23306726,0.22486503,0.21742317,0.21110788
129,,,,0.15355378,0.20967704,0.20876855,0.21551418,0.23759906,0.23189494,0.23746309,0.2506086,0.24142048,0.23308542,0.22488348,0.21743831,0.21111953
130,,,,0.15376988,0.20972511,0.20879152,0.21559118,0.23761399,0.23191513,0.23753524,0.25062618,0.24144077,0.23310173,0.22490002,0.21745384,0.21113071
131,,,,0.15399851,0.20977391,0.20881896,0.21566816,0.23762909,0.23193811,0.23760599,0.25064555,0.2414611,0.23312041,0.22491345,0.21746966,0.21114223
132,,,,0.15420868,0.2098163,0.20884484,0.21574141,0.23764506,0.23196119,0.23767756,0.25066397,0.24148472,0.23313601,0.22492886,0.21748337,0.21115166
133,,,,0.15443484,0.20985752,0.20886925,0.21581556,0.23765872,0.23198427,0.23774864,0.2506822,0.24150422,0.23315518,0.22494577,0.2175003,0.21116564
134,,,,0.15461557,0.20989129,0.20889169,0.21587491,0.23767434,0.23200892,0.23781103,0.25070256,0.24152048,0.23317368,0.22496301,0.21751697,0.21117944
135,,,,0.15482907,0.20992635,0.20891193,0.21594895,0.23768711,0.23203218,0.23788108,0.25072116,0.24153972,0.23319013,0.2249784,0.2175301,0.21119305
136,,,,0.15505056,0.2099646,0.20893131,0.21602139,0.23770122,0.23205617,0.23794979,0.25073868,0.241561,0.23320912,0.22499536,0.21754368,0.21120845
137,,,,0.15525575,0.2100087,0.20895647,0.21609399,0.23771417,0.23207714,0.23801969,0.25075823,0.24158263,0.23322764,0.22501333,0.21756017,0.21121992
138,,,,0.15546145,0.21004409,0.20897883,0.21616608,0.23772733,0.23210026,0.23808733,0.2507785,0.24160428,0.2332449,0.22502989,0.21757534,0.21123265
139,,,,0.15566094,0.2100731,0.20900081,0.21624298,0.23775116,0.23212333,0.23815714,0.25079665,0.24162817,0.2332638,0.22504973,0.21759069,0.21124583
140,,,,0.1558683,0.21011923,0.20901865,0.21631612,0.2377634,0.23214683,0.23822673,0.25081635,0.24164863,0.23327923,0.22506893,0.21760851,0.21125883
141,,,,0.15607415,0.21016029,0.20903985,0.2163891,0.23778342,0.23216854,0.23829873,0.25083882,0.24167109,0.2332977,0.22508626,0.21762517,0.21127257
142,,,,0.15628316,0.21021983,0.20904538,0.21646313,0.23779948,0.232181,0.23836581,0.25084582,0.24168064,0.23330893,0.22509624,0.21763355,0.21127956
143,,,,0.15650316,0.21026419,0.20905665,0.21653451,0.23781261,0.23219247,0.2384368,0.25085604,0.24169356,0.23332088,0.22510685,0.21764351,0.2112881
144,,,,0.15672833,0.21030653,0.20906706,0.2166038,0.23782854,0.23220782,0.23850787,0.25086376,0.24170601,0.23332964,0.22512197,0.21765457,0.21129473
145,,,,0.15691632,0.21034536,0.20907435,0.2166767,0.23784274,0.23222244,0.23857631,0.25087282,0.24171509,0.23334281,0.22513531,0.21766129,0.21130529
146,,,,0.15713415,0.21039133,0.20908028,0.21674997,0.23786154,0.23223464,0.23864692,0.25088605,0.241731,0.23335499,0.22514187,0.21766905,0.21131204
147,,,,0.15735355,0.21043114,0.20908917,0.21682237,0.23787996,0.23224775,0.23871835,0.25089782,0.24174695,0.23336558,0.22514917,0.21767773,0.21131825
148,,,,0.15754895,0.2104705,0.20909736,0.2168977,0.23789662,0.23226449,0.23878823,0.25090873,0.24176024,0.23337539,0.22515963,0.2176854,0.21132591
149,,,,0.15772171,0.21050014,0.20909789,0.21695636,0.23790373,0.23227906,0.23884578,0.2509245,0.24177624,0.23338737,0.22517362,0.21769519,0.21133102
150,,,,0.15792555,0.21052267,0.20910685,0.21702904,0.23791239,0.23228851,0.23891254,0.25093392,0.24178754,0.23339744,0.22518565,0.21770613,0.21133971
151,,,,0.15812834,0.21055831,0.20910828,0.2171008,0.23791976,0.2322989,0.23898211,0.2509466,0.24180025,0.23340598,0.22519943,0.2177168,0.21134761
152,,,,0.1583298,0.21058802,0.20911965,0.21717286,0.23792385,0.23231436,0.23904958,0.25095764,0.24181548,0.23341466,0.225214,0.21772543,0.21135549
153,,,,0.15853551,0.21061996,0.20912808,0.21724768,0.23793542,0.23232901,0.23911977,0.25097057,0.24182756,0.2334274,0.22522523,0.21773584,0.21136169
154,,,,0.15872017,0.21064568,0.20913897,0.21732095,0.23794654,0.23234142,0.23918676,0.25098228,0.24184021,0.23343857,0.22524068,0.21774521,0.2113692
155,,,,0.15891683,0.21067685,0.20915154,0.21739161,0.23796156,0.23235907,0.23925194,0.25099513,0.24185297,0.2334508,0.22525133,0.21775758,0.21137735
156,,,,0.15909086,0.21070087,0.20916368,0.2174643,0.23797329,0.23237194,0.23931679,0.25100783,0.24186558,0.23346171,0.22526422,0.21776669,0.2113864
157,,,,0.15928128,0.21073143,0.20917256,0.21753632,0.23798274,0.23238294,0.2393834,0.25102147,0.24187766,0.2334724,0.22527535,0.21777658,0.21139437
158,,,,0.15949816,0.21075837,0.20918623,0.21760762,0.2379897,0.23239373,0.23945005,0.25103182,0.24189304,0.23348475,0.22528893,0.21778686,0.21140131
159,,,,0.15968491,0.21079068,0.20919351,0.21767934,0.23799525,0.23241438,0.23951519,0.25104517,0.24190542,0.23349829,0.22530091,0.21779531,0.21140882
160,,,,0.15987986,0.21081643,0.20920338,0.21774942,0.23800252,0.2324287,0.23957948,0.2510569,0.24192011,0.23351054,0.22531778,0.21780626,0.21141817
161,,,,0.1600684,0.21084584,0.20921196,0.21782373,0.23801844,0.23244679,0.23964304,0.25106823,0.24193108,0.23352568,0.22533132,0.21781887,0.21142374
162,,,,0.16025767,0.21086283,0.20921196,0.21789674,0.23802507,0.23246239,0.23970757,0.2510819,0.24194519,0.23353784,0.22534394,0.21782844,0.2114294
163,,,,0.1604446,0.21088457,0.20922184,0.21796787,0.23803388,0.23247907,0.23977266,0.25109237,0.24195807,0.2335506,0.2253551,0.21783733,0.21143854
164,,,,0.16060515,0.21090643,0.20923579,0.21802653,0.23803909,0.23249315,0.23982579,0.25110462,0.24197268,0.23356327,0.22536358,0.21784717,0.21144769
165,,,,0.1608112,0.21093546,0.20924704,0.21809581,0.2380468,0.23250864,0.23989381,0.25111687,0.24198885,0.2335742,0.22537506,0.21785733,0.21145578
166,,,,0.16100837,0.21097183,0.20926033,0.21816681,0.23805821,0.23252107,0.23995912,0.25112873,0.24200322,0.23357812,0.22538787,0.2178673,0.21146418
167,,,,0.16120796,0.21100993,0.20926967,0.21823949,0.23806772,0.23253176,0.24002677,0.25113997,0.242019,0.23359267,0.22539863,0.21787332,0.21147373
168,,,,0.16139705,0.21103905,0.20928155,0.2183145,0.23807724,0.23254803,0.24009325,0.251152,0.24203289,0.2336055,0.22541201,0.21788432,0.21148294
169,,,,0.16158587,0.21107161,0.20929186,0.21838969,0.23808722,0.23255436,0.24015728,0.25116247,0.24204412,0.2336147,0.22542748,0.21789382,0.21149065
170,,,,0.1617907,0.21110594,0.20930362,0.21845967,0.23809662,0.23257262,0.240222,0.25117347,0.24205421,0.233628,0.2254383,0.21790709,0.2114972
171,,,,0.16198716,0.21113116,0.20931,0.218537,0.23810787,0.23258926,0.24028574,0.25119004,0.24207115,0.23363468,0.2254504,0.21791394,0.21150172
172,,,,0.16218673,0.21115117,0.2093282,0.21860594,0.23811677,0.23260728,0.24035227,0.2512027,0.24208963,0.2336472,0.22546387,0.21792902,0.21151178
173,,,,0.16238038,0.21117905,0.20934555,0.21867658,0.23812497,0.23262984,0.24041799,0.25122252,0.24210799,0.23366636,0.22548191,0.21794654,0.211524
174,,,,0.16256824,0.21120629,0.20936312,0.21874535,0.23813406,0.23265201,0.24048276,0.25123942,0.24213071,0.23368287,0.22549877,0.21796335,0.21153693
175,,,,0.16276003,0.211242,0.20938876,0.21881393,0.23814552,0.23267467,0.24054657,0.25126043,0.2421509,0.2336996,0.22551578,0.21797836,0.21154903
176,,,,0.16294488,0.21127117,0.20940927,0.21888465,0.23815641,0.23269886,0.24061172,0.2512778,0.24217188,0.23371872,0.22553357,0.21799114,0.21156284
177,,,,0.16313869,0.21129432,0.20942819,0.21895775,0.2381652,0.2327225,0.24068072,0.25129858,0.24219228,0.23373486,0.22555019,0.2180058,0.21157596
178,,,,0.1633383,0.21131921,0.20944935,0.21902533,0.2381721,0.2327429,0.2407463,0.25131312,0.24221201,0.23375152,0.22556804,0.21802106,0.21159069
179,,,,0.16349888,0.21134208,0.20947163,0.21908821,0.23818012,0.23276593,0.24080245,0.25132945,0.24223055,0.23376718,0.22558166,0.21803552,0.2116027
180,,,,0.16367385,0.21135211,0.2094908,0.21915755,0.23818028,0.23279,0.24086215,0.25134957,0.242247,0.23378669,0.22559845,0.21805145,0.211616
181,,,,0.16383821,0.21136138,0.20951304,0.21922614,0.23818077,0.23281226,0.24092141,0.25136563,0.24226883,0.23380226,0.22561513,0.21806622,0.21162957
182,,,,0.1640079,0.2113774,0.20953427,0.21929501,0.2381813,0.23283383,0.24098031,0.25138268,0.24228767,0.23381782,0.22563438,0.21808124,0.21164168
183,,,,0.16418503,0.21138448,0.209558,0.21936542,0.23818131,0.23285253,0.24103904,0.25140187,0.24230663,0.23383461,0.22565047,0.21809494,0.21165423
184,,,,0.16435373,0.21140178,0.20958127,0.2194354,0.23818152,0.23287216,0.24109805,0.25142187,0.24232732,0.23385362,0.22566877,0.21810958,0.21166572
185,,,,0.16452377,0.21142,0.20959905,0.21950322,0.23818153,0.23289037,0.24115731,0.2514412,0.242346,0.2338673,0.22568451,0.21812654,0.2116763
186,,,,0.16469173,0.21142714,0.20962366,0.21957298,0.23818159,0.23291713,0.24121618,0.25145975,0.24236771,0.23388237,0.2257014,0.21814252,0.21169095
187,,,,0.1648705,0.21143878,0.20964667,0.2196396,0.23818164,0.23293611,0.2412739,0.2514753,0.24238646,0.23389806,0.22571273,0.21815611,0.21170062
188,,,,0.16504407,0.21144685,0.20966424,0.21970657,0.2381817,0.23296207,0.2413321,0.25149184,0.2424071,0.23391563,0.22572954,0.21817474,0.21171415
189,,,,0.16521598,0.21145283,0.20968613,0.21977384,0.23818196,0.23298845,0.24139169,0.25151065,0.24242772,0.23393328,0.22574879,0.2181905,0.2117261
190,,,,0.16538072,0.21145628,0.20970671,0.21984188,0.23818196,0.23301266,0.24144982,0.25153005,0.24244823,0.23395044,0.22576703,0.21820688,0.2117408
191,,,,0.16554832,0.21146213,0.20972647,0.21990982,0.2381822,0.23303375,0.2415079,0.25154522,0.24247102,0.23396629,0.22578622,0.21822292,0.21175765
192,,,,0.16572241,0.21146825,0.20974721,0.21997853,0.23818237,0.233054,0.24156764,0.25156412,0.24249296,0.2339838,0.22580622,0.21823736,0.211769
193,,,,0.16589648,0.21147995,0.20976922,0.22004615,0.23818253,0.23307908,0.24162447,0.25158292,0.24251366,0.23400092,0.22582334,0.2182543,0.2117841
194,,,,0.16603316,0.21148404,0.20979765,0.22010149,0.23818259,0.23310252,0.24167278,0.25160432,0.24253651,0.2340187,0.22584192,0.21826884,0.21179885
195,,,,0.16621923,0.211501,0.20982325,0.2201682,0.23818512,0.23312752,0.24173403,0.25162473,0.24255326,0.23403507,0.22586013,0.21828377,0.2118111
196,,,,0.16639264,0.21151753,0.20984651,0.2202364,0.23819102,0.23315132,0.24179624,0.25164703,0.24257644,0.23405387,0.22587888,0.21830219,0.21182652
197,,,,0.16656214,0.21154694,0.20987532,0.22030607,0.23819469,0.23317328,0.24185641,0.2516708,0.24259731,0.23407151,0.22589883,0.2183154,0.21183853
198,,,,0.16674937,0.2115641,0.20990042,0.22037415,0.23819919,0.2331954,0.24191777,0.2516879,0.24261707,0.23409054,0.22591527,0.21832961,0.21185213
199,,,,0.16692345,0.21157733,0.2099235,0.22043954,0.23820285,0.23321904,0.24197893,0.25170317,0.24263892,0.23410842,0.22593397,0.21834634,0.21186621
200,,,,0.1670877,0.2116048,0.20994979,0.22050907,0.23820665,0.23324268,0.24203871,0.25172493,0.24265705,0.23412757,0.22595431,0.2183601,0.2118801
201,,,,0.16726154,0.21162541,0.20997629,0.22057481,0.2382169,0.2332687,0.2421,0.2517446,0.24267793,0.23414649,0.22597158,0.21837589,0.21189295
202,,,,0.16743591,0.21165006,0.21000266,0.22064394,0.2382198,0.23329231,0.24215883,0.2517625,0.2427006,0.23416314,0.22599125,0.2183908,0.21190584
203,,,,0.16759962,0.21166648,0.21002953,0.22070925,0.23822317,0.2333208,0.2422194,0.25178748,0.2427256,0.23418312,0.2260126,0.21840763,0.21192317
204,,,,0.1677806,0.21168597,0.21006075,0.22077519,0.2382276,0.23334387,0.2422792,0.2518082,0.24274851,0.23420295,0.22603543,0.21842793,0.21193996
205,,,,0.16795436,0.2117122,0.2100886,0.22084174,0.2382302,0.23337388,0.24234152,0.25183213,0.2427713,0.23422396,0.22605613,0.218446,0.2119562
206,,,,0.16813074,0.21173707,0.21011987,0.22090963,0.23823124,0.2333987,0.24240334,0.25185323,0.2427963,0.23424505,0.22607827,0.21846539,0.21197432
207,,,,0.16830549,0.21175383,0.21015064,0.22097573,0.23823427,0.23342793,0.24246374,0.25187626,0.24282207,0.23426585,0.22609982,0.21848598,0.21199031
208,,,,0.16848089,0.21176857,0.21018276,0.22103964,0.23824213,0.23345461,0.24252728,0.25190032,0.24284789,0.23428665,0.22612119,0.21850395,0.21200742
209,,,,0.16863014,0.21178398,0.21021564,0.2210948,0.23824543,0.23348233,0.24257842,0.25192207,0.24287233,0.23430799,0.22614552,0.21852268,0.21202348
210,,,,0.16880925,0.21179464,0.21024376,0.22116148,0.23824556,0.23350982,0.24263823,0.25194368,0.2428963,0.23432876,0.22616945,0.21854188,0.21204054
211,,,,0.1689787,0.21180755,0.21027237,0.22123061,0.23824598,0.23353648,0.2426961,0.2519692,0.24292034,0.23434874,0.226192,0.21856119,0.21205679
212,,,,0.16915399,0.21181644,0.21030073,0.22129613,0.23824605,0.2335652,0.24275285,0.25199193,0.24294701,0.23437057,0.2262114,0.21858045,0.21207283
213,,,,0.1693318,0.21183138,0.21033388,0.22136302,0.2382462,0.2335927,0.24281049,0.25201443,0.24297348,0.23438992,0.22623326,0.21859889,0.21208882
214,,,,0.1694971,0.21184641,0.21036603,0.22142932,0.23824638,0.23362231,0.24286819,0.25203615,0.24299887,0.23441193,0.2262553,0.21861827,0.21210296
215,,,,0.16966568,0.21186079,0.21039706,0.22149596,0.23824656,0.23365195,0.24292637,0.25206017,0.2430213,0.23443238,0.22627644,0.21863852,0.2121173
216,,,,0.1698476,0.21187839,0.21042728,0.22156312,0.23824663,0.2336825,0.24298428,0.25208429,0.24304539,0.2344539,0.22629994,0.21865523,0.21213515
217,,,,0.17001922,0.21188226,0.21045402,0.22163107,0.23824671,0.23370492,0.24304171,0.2521048,0.24306719,0.23447216,0.22631551,0.2186725,0.21214847
218,,,,0.17017677,0.21189088,0.21048649,0.22170132,0.23824677,0.23373318,0.24310076,0.25212857,0.24309228,0.23449288,0.22634082,0.2186922,0.21216883
219,,,,0.17034437,0.21190274,0.21051167,0.22176778,0.23824707,0.23376523,0.24315904,0.2521502,0.24311697,0.23451488,0.22636652,0.21871129,0.2121858
220,,,,0.17050509,0.21190993,0.21054229,0.22183643,0.2382471,0.2337913,0.2432186,0.25217316,0.24314132,0.23453368,0.22638893,0.21872929,0.21220458
221,,,,0.1706749,0.2119136,0.2105693,0.22190331,0.23824748,0.2338175,0.24327661,0.25219822,0.24316524,0.23455426,0.22641574,0.218748,0.21222186
222,,,,0.17084222,0.21192467,0.21060354,0.22197177,0.23824753,0.23384637,0.24333473,0.25221947,0.24318933,0.23457296,0.22644007,0.21876562,0.21223912
223,,,,0.17100985,0.21193151,0.21063101,0.22204056,0.23824753,0.23387393,0.24339175,0.25224045,0.24321526,0.23459429,0.22646534,0.21878399,0.212255
224,,,,0.1711487,0.21194568,0.21066253,0.22209497,0.23824756,0.23390011,0.24343924,0.25226527,0.24324429,0.2346153,0.2264915,0.21880524,0.21227075
225,,,,0.17133231,0.21196082,0.21069227,0.22216341,0.2382498,0.23392333,0.24349958,0.252289,0.24326843,0.23463522,0.2265158,0.21882638,0.21229073
226,,,,0.17149723,0.21196403,0.2107206,0.22223236,0.23825051,0.2339535,0.24355872,0.25231063,0.2432919,0.23465571,0.22654164,0.21884829,0.21230783
227,,,,0.1716817,0.21198823,0.21075346,0.22230153,0.23825654,0.2339786,0.24361838,0.25233513,0.24331552,0.23467372,0.22656287,0.21886773,0.21232496
228,,,,0.17184366,0.2120112,0.21078213,0.22236991,0.23825978,0.23400642,0.24368161,0.25235805,0.24333838,0.23469554,0.22658432,0.21888787,0.21234344
229,,,,0.17202003,0.21202569,0.21080862,0.22243783,0.23826171,0.23403497,0.24374086,0.2523769,0.24336497,0.2347171,0.22660683,0.21890633,0.21236189
230,,,,0.17218454,0.21204717,0.21083386,0.22250657,0.23826444,0.23406127,0.2437983,0.252399,0.24338762,0.2347363,0.22662844,0.21892682,0.21237808
231,,,,0.17234616,0.21206972,0.2108665,0.22257504,0.23826705,0.23409037,0.24385814,0.25242326,0.24341129,0.23475726,0.22665042,0.21894772,0.21239866
232,,,,0.17251849,0.21208514,0.2108948,0.22264378,0.23827305,0.23411556,0.24391618,0.25244245,0.24343322,0.23477529,0.22666802,0.21896404,0.21241298
233,,,,0.17269039,0.21210678,0.21093127,0.22271477,0.23827858,0.23414497,0.24397549,0.25246748,0.24346063,0.23479873,0.2266912,0.21898331,0.21243033
234,,,,0.17286131,0.21211432,0.21096511,0.2227829,0.2382816,0.23417601,0.24403475,0.25249004,0.24348582,0.23482092,0.22671507,0.2190044,0.2124477
235,,,,0.17302853,0.21212986,0.21099801,0.22285315,0.23828739,0.23420651,0.24409646,0.25251362,0.24351388,0.23484373,0.22673702,0.21902439,0.21246412
236,,,,0.17319727,0.2121499,0.21103188,0.2229196,0.23828807,0.23423742,0.24415447,0.25253645,0.243541,0.23486657,0.22675928,0.21904427,0.21248102
237,,,,0.17335692,0.21215616,0.21106762,0.22298779,0.23829028,0.23426977,0.24421552,0.25256163,0.24356794,0.23488855,0.22678164,0.21906406,0.21249905
238,,,,0.17352459,0.21216576,0.21110317,0.22306028,0.23829135,0.23429978,0.24427514,0.25258732,0.24359542,0.23490973,0.22680485,0.21908563,0.21251704
239,,,,0.17365648,0.21218063,0.21113496,0.22311695,0.2382921,0.2343302,0.24432333,0.2526112,0.24362174,0.23493177,0.22682743,0.21910544,0.21253501
240,,,,0.17382832,0.21219778,0.21116833,0.22318146,0.23829404,0.23436052,0.24438107,0.2526365,0.24364986,0.23495348,0.22684865,0.21912546,0.21255095
241,,,,0.1739856,0.2122177,0.21120171,0.22324747,0.23829406,0.23439108,0.24444005,0.2526649,0.24367577,0.23497589,0.22687161,0.2191475,0.21256778
242,,,,0.17415416,0.21222876,0.2112392,0.22331293,0.23829433,0.23442163,0.24449746,0.25268897,0.24370173,0.23499827,0.22689378,0.21916628,0.21258524
243,,,,0.17432244,0.21224226,0.21127576,0.22337662,0.23829716,0.23445274,0.24455543,0.25271517,0.2437273,0.2350197,0.22691752,0.2191853,0.21260189
244,,,,0.17448673,0.21225834,0.21130887,0.22344245,0.23830017,0.23448445,0.24461307,0.25274095,0.24375504,0.23504178,0.22694029,0.21920682,0.21261941
245,,,,0.17465436,0.21226645,0.21134387,0.22350699,0.23830159,0.23451595,0.24467191,0.2527668,0.24378248,0.23506595,0.22696373,0.21922731,0.21263626
246,,,,0.1748163,0.21227923,0.21137765,0.22357315,0.23830208,0.23454452,0.24473143,0.2527913,0.24380827,0.23508799,0.2269846,0.21924698,0.21265417
247,,,,0.1749808,0.2122959,0.21140175,0.22363748,0.23830394,0.23456416,0.24478969,0.25280964,0.24382465,0.23510416,0.22699893,0.2192635,0.21266453
248,,,,0.17513809,0.21231751,0.21142897,0.22370337,0.23830424,0.23458998,0.24484867,0.2528302,0.24384601,0.23512323,0.2270184,0.21928266,0.21267757
249,,,,0.17529677,0.21232617,0.21145435,0.2237689,0.23830432,0.23461674,0.24490629,0.2528519,0.2438703,0.23514274,0.22703888,0.21929862,0.21269347
250,,,,0.17545697,0.21233594,0.2114887,0.22383432,0.23830466,0.23464206,0.24496327,0.25287443,0.24389109,0.23516202,0.22705851,0.21931788,0.21270747
251,,,,0.17561693,0.21235214,0.21151163,0.22389923,0.23830527,0.23466517,0.24502228,0.25289762,0.24391308,0.23518215,0.22707616,0.2193348,0.21272266
252,,,,0.17578505,0.21236329,0.21153861,0.22396246,0.23830692,0.2346929,0.24508063,0.25291762,0.24393591,0.23519994,0.22709477,0.21935299,0.21273766
253,,,,0.17593466,0.21237652,0.21156207,0.22402957,0.23831046,0.23471968,0.24513863,0.25293592,0.2439591,0.2352203,0.2271139,0.21937062,0.21275263
254,,,,0.17607164,0.21238455,0.21158658,0.22408092,0.23831376,0.23474775,0.2451867,0.25295568,0.24398199,0.23524143,0.22713305,0.21938789,0.21276847
255,,,,0.17623983,0.21240306,0.21161796,0.2241499,0.23832327,0.23477353,0.24525055,0.25297335,0.24400574,0.23525994,0.22715443,0.21940687,0.2127842
256,,,,0.17642091,0.21242692,0.21164544,0.22421901,0.23833221,0.23480053,0.245309,0.25299567,0.24402913,0.23527882,0.22717395,0.21942516,0.212798
257,,,,0.17659977,0.2124439,0.21166833,0.22428958,0.23833716,0.23482524,0.24536796,0.25301677,0.24405514,0.23529893,0.2271951,0.21943927,0.21281198
258,,,,0.17678098,0.21246773,0.21168911,0.2243573,0.2383398,0.23485334,0.24542889,0.25303847,0.2440804,0.23531726,0.22721413,0.21945734,0.21282668
259,,,,0.17694801,0.21248941,0.21171947,0.2244265,0.23834234,0.2348819,0.24548852,0.2530612,0.24410155,0.23533726,0.22723462,0.21947403,0.21284184
260,,,,0.17710888,0.21250755,0.21174945,0.22449423,0.23835108,0.23490618,0.24554816,0.25308222,0.24412282,0.23535569,0.22725329,0.2194909,0.2128567
261,,,,0.17727822,0.21252537,0.21177608,0.22455776,0.23835568,0.23492791,0.2456091,0.2531026,0.24414387,0.23537098,0.22727399,0.21950486,0.21287267
262,,,,0.1774338,0.21255304,0.2118068,0.22462359,0.23836248,0.23495272,0.24566887,0.2531241,0.24416715,0.23539087,0.22729297,0.21952346,0.21288915
263,,,,0.17758992,0.21257225,0.21184151,0.22469203,0.23836584,0.2349845,0.2457297,0.25314885,0.24419518,0.23541473,0.22731915,0.21954519,0.2129085
264,,,,0.17776333,0.21259606,0.21187793,0.2247588,0.23837565,0.23501638,0.24579078,0.25317475,0.24422455,0.23543894,0.22734356,0.21956557,0.21292768
265,,,,0.1779397,0.21262456,0.21191454,0.22482608,0.23838091,0.23504815,0.2458535,0.2532014,0.24425144,0.23546223,0.22736901,0.21958737,0.21294586
266,,,,0.17813213,0.21264416,0.21195431,0.22489469,0.23838659,0.23508182,0.24591535,0.25322607,0.24427943,0.23548587,0.22739282,0.21960932,0.21296461
267,,,,0.1782901,0.21265645,0.21199247,0.2249598,0.23839162,0.23511282,0.24597655,0.25324994,0.24430731,0.23550926,0.22741711,0.21963304,0.21298334
268,,,,0.17844512,0.21267435,0.2120278,0.22502626,0.23839372,0.23514453,0.24603681,0.25327668,0.24433587,0.23553285,0.22744098,0.21965589,0.21300276
269,,,,0.17856938,0.21268143,0.21206291,0.22508192,0.23840104,0.23517695,0.24608661,0.2533054,0.24436335,0.23555467,0.22746597,0.2196772,0.21302247
270,,,,0.1787233,0.21270366,0.21209979,0.22514962,0.23840821,0.23520927,0.24614847,0.25332972,0.24439299,0.23557886,0.22749221,0.21970004,0.21304017
271,,,,0.1789078,0.21271876,0.21213788,0.2252186,0.23841731,0.23524144,0.2462078,0.2533576,0.24442007,0.2356015,0.22751632,0.21972227,0.21306017
272,,,,0.17907752,0.212741,0.2121746,0.22528459,0.23842718,0.23527241,0.2462698,0.2533861,0.24444932,0.23562476,0.22754183,0.2197445,0.21307975
273,,,,0.1792429,0.21276982,0.21220937,0.2253491,0.23843613,0.23530515,0.2463294,0.2534127,0.2444781,0.23564711,0.22756603,0.2197672,0.21309926
274,,,,0.17939468,0.21279833,0.21224783,0.22541662,0.238444,0.23533827,0.24638832,0.25343868,0.24450515,0.23567155,0.22759286,0.21978873,0.21311963
275,,,,0.1795613,0.21282057,0.2122848,0.22548312,0.23845662,0.2353714,0.24644859,0.25346506,0.24453224,0.23569523,0.22761622,0.2198113,0.21313828
276,,,,0.17972594,0.21283688,0.21232435,0.22554882,0.23846266,0.23540369,0.24650852,0.25349325,0.24456044,0.23571889,0.22764122,0.21983267,0.21315883
277,,,,0.1798958,0.21286638,0.21233553,0.22561574,0.23846775,0.23541924,0.24657029,0.25350875,0.24457788,0.23573333,0.22765411,0.21984251,0.2131685
278,,,,0.18006197,0.21289328,0.21235202,0.22568518,0.23847629,0.2354385,0.24663112,0.25352547,0.2445965,0.23575106,0.2276708,0.2198586,0.2131802
279,,,,0.18022098,0.21291608,0.2123698,0.22575417,0.23848128,0.23546122,0.24669267,0.25354382,0.24461529,0.23576558,0.22769006,0.21987306,0.21319324
280,,,,0.18039761,0.21293755,0.21239138,0.22582239,0.23848625,0.23547915,0.24675348,0.25356272,0.24463232,0.23578304,0.22770417,0.21988468,0.21320547
281,,,,0.18056267,0.21295804,0.21241389,0.2258903,0.23849547,0.23549888,0.24681474,0.25358087,0.24465278,0.2358016,0.22771995,0.21990016,0.21321532
282,,,,0.18072778,0.21297884,0.21242982,0.22595857,0.23850079,0.23552214,0.24687624,0.25359553,0.24467307,0.23581639,0.22773759,0.21991235,0.21322645
283,,,,0.18087931,0.21299978,0.21245083,0.22602622,0.23851013,0.23554094,0.24693634,0.2536134,0.24469247,0.23583028,0.22774982,0.21992813,0.21323825
284,,,,0.18101433,0.21301872,0.21247394,0.22608142,0.23851582,0.23556781,0.24698809,0.25363326,0.24471262,0.23584726,0.22776681,0.21994068,0.21324953
285,,,,0.18118522,0.2130677,0.21249454,0.2261546,0.23852986,0.23559022,0.24705441,0.25365105,0.24473204,0.23586117,0.22778551,0.21995643,0.2132626
286,,,,0.18135956,0.21311115,0.21251029,0.2262259,0.23854342,0.23561175,0.2471179,0.25366843,0.24474841,0.23587625,0.22780217,0.21996807,0.21327457
287,,,,0.18153699,0.21316521,0.21252799,0.22629361,0.23855965,0.23563202,0.24718642,0.25368598,0.24476744,0.23589161,0.22782034,0.2199785,0.21328627
288,,,,0.18170564,0.21319677,0.21254647,0.22635576,0.23857501,0.23565203,0.2472507,0.2536993,0.24478734,0.2359039,0.22783503,0.21999393,0.21329683
289,,,,0.18186578,0.21321955,0.21256378,0.22642186,0.23859125,0.23567227,0.24731867,0.25371343,0.24480337,0.23591869,0.22785081,0.22000618,0.21330804
290,,,,0.18203536,0.21324599,0.21258962,0.22648458,0.23860466,0.23569502,0.24738406,0.2537318,0.24481955,0.23593643,0.22786525,0.22001936,0.21331854
291,,,,0.18222643,0.21328776,0.21260834,0.22655061,0.23861746,0.23571238,0.24745362,0.2537453,0.2448363,0.23595236,0.2278848,0.22003391,0.21333075
292,,,,0.18241857,0.21332814,0.2126271,0.22662015,0.2386262,0.23572703,0.24751784,0.253761,0.24485457,0.23596841,0.22790006,0.22004749,0.21333952
293,,,,0.18260096,0.21335897,0.21263948,0.22669286,0.23863995,0.235751,0.2475826,0.25377426,0.24487503,0.23598649,0.22791858,0.22006568,0.21335094
294,,,,0.18277787,0.21338478,0.21266465,0.22675815,0.23865527,0.2357726,0.24764833,0.25379023,0.24489471,0.23600063,0.227937,0.22007786,0.21336402
295,,,,0.182939,0.2134191,0.21268983,0.22682503,0.23866461,0.23579535,0.2477142,0.25380692,0.24491249,0.236016,0.22795755,0.2200912,0.21337846
296,,,,0.18311222,0.2134526,0.21270671,0.2268943,0.23868449,0.23581551,0.24777794,0.25381678,0.244933,0.23603462,0.22797678,0.22010508,0.21339168
297,,,,0.1832841,0.21348637,0.21272661,0.22696146,0.23869398,0.23583686,0.24784169,0.25383607,0.24495217,0.236047,0.22799687,0.22011971,0.21340463
298,,,,0.18345769,0.21352239,0.21274532,0.22702992,0.2387098,0.23585555,0.24790767,0.25385723,0.24496794,0.23605727,0.22801743,0.22013056,0.21341866
299,,,,0.18360291,0.21354015,0.21275787,0.2270835,0.23871931,0.23587888,0.24795786,0.25387585,0.24498701,0.23607537,0.22803602,0.22014499,0.21342945
300,,,,0.18376875,0.2135802,0.21278301,0.22715333,0.23873425,0.23590326,0.2480232,0.25389567,0.2450047,0.23609471,0.22805321,0.22015995,0.2134409
301,,,,0.18393846,0.21361147,0.21279907,0.22722395,0.23874673,0.23592521,0.24808946,0.25391522,0.24502258,0.2361127,0.22806977,0.22017407,0.21345532
302,,,,0.18410335,0.21364668,0.21281585,0.2272964,0.23875836,0.23594554,0.24815708,0.25393224,0.24504063,0.23612769,0.22808507,0.22018953,0.21347003
303,,,,0.18428686,0.21368302,0.21283841,0.22736529,0.2387765,0.23596984,0.24821965,0.25395435,0.24505857,0.23614444,0.22810532,0.22020416,0.21347848
304,,,,0.18446673,0.2137305,0.21285762,0.22743368,0.23879497,0.23599151,0.2482826,0.253973,0.24508153,0.23616101,0.22812249,0.22021757,0.2134884
305,,,,0.18463036,0.21376982,0.2128858,0.22750382,0.23881005,0.23601426,0.2483462,0.25398803,0.24510051,0.23617578,0.228142,0.22023232,0.21349986
306,,,,0.18479775,0.21379848,0.21291079,0.2275737,0.23882322,0.23603413,0.24840957,0.254008,0.24512358,0.23619325,0.22816321,0.22024852,0.2135128
307,,,,0.18498026,0.21382974,0.212917,0.22764498,0.23883729,0.23604846,0.24847463,0.25401825,0.24512917,0.23620225,0.22817254,0.22025737,0.21351588
308,,,,0.1851552,0.21386369,0.21292576,0.22771569,0.2388548,0.23606285,0.24854033,0.25403565,0.24514379,0.23621392,0.2281861,0.22026864,0.21352315
309,,,,0.18533166,0.21390457,0.21293727,0.22778732,0.2388649,0.23607305,0.24860424,0.25404698,0.24515541,0.23622754,0.22819817,0.22027865,0.21353139
310,,,,0.18550308,0.21393645,0.21294627,0.2278561,0.23888133,0.23608318,0.24867119,0.25405872,0.24517007,0.23623995,0.22821145,0.22028762,0.21353875
311,,,,0.18566762,0.21397951,0.21295883,0.22792372,0.2388934,0.23610026,0.24873433,0.2540684,0.24518578,0.23625135,0.2282226,0.22029838,0.21354441
312,,,,0.18584661,0.2140178,0.2129693,0.2279941,0.23890981,0.23611797,0.24880256,0.25408086,0.2451996,0.2362614,0.22823203,0.22030814,0.21355218
313,,,,0.18602237,0.21405257,0.2129742,0.22806434,0.23892115,0.23613186,0.24886851,0.2540915,0.2452136,0.23626876,0.22824137,0.2203154,0.21355926
314,,,,0.18616618,0.21407336,0.21297836,0.22811782,0.23893681,0.23614873,0.24892177,0.2541035,0.24522465,0.23628105,0.22825293,0.2203256,0.21356723
315,,,,0.18632331,0.21408707,0.2129896,0.22817856,0.23894282,0.23616225,0.24898003,0.2541107,0.24523854,0.23629282,0.22826463,0.22033791,0.21357147
316,,,,0.1864764,0.21410322,0.21300307,0.22824115,0.23894714,0.23617265,0.24903925,0.25412312,0.2452541,0.23630576,0.228277,0.22034758,0.21357849
317,,,,0.18663473,0.21412039,0.21301776,0.22830586,0.23895675,0.23619016,0.2490991,0.2541331,0.2452709,0.23631303,0.22829133,0.22035538,0.21358562
318,,,,0.18678346,0.21414095,0.21302396,0.2283696,0.23896559,0.23620251,0.24915953,0.25414473,0.24528451,0.23632476,0.2282994,0.22036192,0.2135913
319,,,,0.18693921,0.2141539,0.21302952,0.22843221,0.23897015,0.23621593,0.24921879,0.25415602,0.24529637,0.23633829,0.22831187,0.22037245,0.21359769
320,,,,0.18710837,0.21417093,0.21303007,0.22849457,0.23897386,0.23623154,0.2492778,0.2541686,0.24530597,0.23634782,0.2283219,0.22038108,0.21360478
321,,,,0.18725747,0.21419004,0.2130434,0.22855642,0.23897882,0.23624909,0.2493372,0.2541755,0.24531966,0.2363602,0.22833316,0.22038513,0.21361227
322,,,,0.18741962,0.2142084,0.21305051,0.22862135,0.23898518,0.23626333,0.24939571,0.25418657,0.24533127,0.23637177,0.22834447,0.22038876,0.2136155
323,,,,0.18757075,0.21423419,0.21305981,0.22868536,0.23898925,0.23627812,0.24945608,0.2541929,0.24534303,0.23638406,0.22835626,0.22039774,0.21362486
324,,,,0.18773225,0.214248,0.21306776,0.22874834,0.23899229,0.23629038,0.249516,0.25420576,0.24535517,0.2363982,0.22836767,0.22040363,0.2136329
325,,,,0.18788037,0.21427085,0.21307977,0.22881016,0.23899801,0.23630443,0.24957661,0.25422093,0.24536535,0.23640709,0.22837979,0.22041173,0.21363725
326,,,,0.18804304,0.21429025,0.21308744,0.22887069,0.23900227,0.23632188,0.24963586,0.25423124,0.2453743,0.23641466,0.22838996,0.2204222,0.21364202
327,,,,0.18819392,0.21431297,0.21310137,0.22893383,0.23900893,0.23633322,0.24969673,0.25424471,0.24539243,0.23642765,0.22840315,0.2204274,0.21364745
328,,,,0.18835789,0.21433036,0.21311685,0.2289974,0.23901697,0.23634888,0.24975678,0.25425705,0.24540766,0.23643923,0.22841372,0.22043848,0.21365441
329,,,,0.18848364,0.21435116,0.21312314,0.22905332,0.23902018,0.23636529,0.24980812,0.25426948,0.2454196,0.23645124,0.22842577,0.22044441,0.21365882
330,,,,0.18862985,0.21437219,0.21312952,0.22911583,0.23902455,0.23638023,0.2498669,0.25427812,0.24543191,0.23646565,0.22843537,0.22045477,0.21366763
331,,,,0.1888009,0.21439293,0.21314198,0.22917968,0.23903018,0.236395,0.249925,0.25428763,0.24544536,0.23647732,0.22844808,0.22046433,0.2136727
332,,,,0.1889504,0.21440187,0.2131483,0.22924323,0.23903558,0.23640725,0.24998347,0.25430226,0.24546066,0.2364857,0.22846235,0.22047518,0.2136789
333,,,,0.18908373,0.2144179,0.21315245,0.22930415,0.23904483,0.23641746,0.25004274,0.2543165,0.24547471,0.23649523,0.22847553,0.22048236,0.21368599
334,,,,0.18924032,0.21444048,0.21315554,0.2293699,0.239046,0.23643614,0.25009972,0.25432998,0.24548525,0.23650727,0.22848189,0.22049318,0.21369238
335,,,,0.18938556,0.21445724,0.21316203,0.22943157,0.2390467,0.23644488,0.2501568,0.2543351,0.24549985,0.23651657,0.22849366,0.2204989,0.21369764
336,,,,0.18953611,0.21448047,0.21317352,0.22949308,0.23905382,0.23646027,0.2502134,0.2543437,0.24551436,0.23652558,0.22850455,0.22050667,0.21370432
337,,,,0.18970512,0.21450853,0.2131852,0.22955373,0.2390598,0.23647656,0.25027233,0.2543562,0.24552824,0.23653284,0.228515,0.22051464,0.21371159
338,,,,0.18984963,0.2145297,0.21320266,0.22961551,0.23906973,0.23649563,0.25033042,0.25436997,0.2455455,0.23654911,0.22853303,0.22052893,0.21371992
339,,,,0.1899891,0.21454263,0.21320935,0.22967687,0.23907112,0.23651744,0.2503874,0.25438648,0.24556035,0.23656559,0.22854872,0.22054452,0.213731
340,,,,0.19015275,0.2145511,0.21321398,0.22974075,0.23907745,0.23653507,0.25044364,0.25439712,0.24557951,0.23657563,0.22856401,0.22055653,0.21374133
341,,,,0.19030312,0.21457481,0.21323086,0.22980043,0.23908068,0.23655495,0.2505019,0.25441256,0.24559173,0.23658836,0.22857705,0.22056969,0.21375473
342,,,,0.19046707,0.21458408,0.21325593,0.22986604,0.23908088,0.23657356,0.25056073,0.25442722,0.24560887,0.23660001,0.2285908,0.2205812,0.21376288
343,,,,0.1906161,0.21459538,0.21326594,0.22992964,0.23908378,0.2365952,0.25061628,0.25444442,0.24562337,0.23661484,0.22860411,0.22059228,0.21377432
344,,,,0.19073787,0.214598,0.21328636,0.22998364,0.23908545,0.23661385,0.25066268,0.25445926,0.24564202,0.2366317,0.22861733,0.22060241,0.21378572
345,,,,0.19088827,0.21461168,0.21330532,0.23004568,0.23908602,0.23662968,0.25071743,0.2544741,0.24565801,0.23664351,0.22863372,0.22061433,0.21379645
346,,,,0.19103225,0.21461979,0.21332541,0.23011005,0.23908606,0.23665105,0.25077268,0.2544886,0.24567525,0.23666152,0.22864732,0.22062354,0.21380642
347,,,,0.19117932,0.21462592,0.21334194,0.23017347,0.23908615,0.23666397,0.25082755,0.2545009,0.24569048,0.2366755,0.22866108,0.22063403,0.21381938
348,,,,0.19132045,0.2146303,0.21335153,0.23023409,0.23908632,0.23668034,0.25088152,0.2545173,0.2457085,0.23669137,0.22867268,0.22064456,0.21382853
349,,,,0.19146071,0.21463427,0.21336342,0.2302976,0.23908633,0.23669629,0.2509372,0.25453138,0.24572377,0.23670332,0.22868834,0.22065364,0.2138383
350,,,,0.19160235,0.21464284,0.21337539,0.23035973,0.23908691,0.23671523,0.25099167,0.2545494,0.24574158,0.23671447,0.22870365,0.22066723,0.21384396
351,,,,0.19174373,0.21465017,0.2133957,0.23042272,0.23908703,0.23672962,0.25104606,0.2545602,0.2457588,0.23672943,0.22872066,0.22068167,0.21385308
352,,,,0.19189015,0.2146563,0.21342562,0.23048368,0.23908724,0.23675118,0.25110143,0.2545764,0.24577865,0.23674464,0.22873822,0.22070044,0.21386519
353,,,,0.19202052,0.21466334,0.21345447,0.23054484,0.23908737,0.23677437,0.2511547,0.25459766,0.24579999,0.23676497,0.22876059,0.22072029,0.21388006
354,,,,0.19217062,0.21467106,0.213474,0.23060708,0.23908785,0.2368019,0.251209,0.25462055,0.2458237,0.23678376,0.22878356,0.22073895,0.21389435
355,,,,0.1923163,0.21467885,0.21350357,0.2306709,0.23908786,0.23682557,0.2512646,0.25463653,0.24584791,0.23680253,0.22880447,0.22075504,0.21390946
356,,,,0.19245328,0.21468745,0.2135251,0.23073176,0.23908798,0.23684897,0.25132003,0.25465903,0.24587144,0.23682058,0.22882557,0.22077331,0.21392338
357,,,,0.19259183,0.21469963,0.21355681,0.23079562,0.2390886,0.23687877,0.25137314,0.2546801,0.24589185,0.23683989,0.22885002,0.22079004,0.21393842
358,,,,0.19273862,0.21470007,0.21357857,0.23085566,0.23908901,0.23690347,0.25142846,0.25470015,0.24591109,0.23685887,0.22887257,0.22080739,0.21395585
359,,,,0.19285892,0.2147052,0.21360828,0.23090616,0.23908943,0.23692976,0.25147438,0.25472134,0.24593522,0.23687647,0.22889408,0.22082505,0.21397367
360,,,,0.19301812,0.21472971,0.21363157,0.23096754,0.23909202,0.2369588,0.2515323,0.25474134,0.24596007,0.2368946,0.22891203,0.22084142,0.2139897
361,,,,0.19316667,0.21476042,0.21365471,0.23102693,0.23910129,0.2369828,0.25159207,0.25476155,0.24598284,0.2369153,0.22893481,0.22085845,0.21400625
362,,,,0.1933187,0.21477942,0.21368174,0.23108685,0.2391099,0.23700765,0.25165054,0.25478294,0.24600603,0.23693372,0.22895363,0.2208755,0.21401995
363,,,,0.1934766,0.21481025,0.21371032,0.23114678,0.23911735,0.23703258,0.2517092,0.25480577,0.24602814,0.23695248,0.22897303,0.22089382,0.21403621
364,,,,0.19362593,0.2148362,0.21373959,0.23121044,0.23912363,0.23706192,0.25177014,0.25482538,0.24605106,0.23697299,0.22899678,0.22091025,0.2140538
365,,,,0.19378911,0.21485375,0.21376704,0.23126885,0.23912859,0.23708759,0.2518296,0.25485042,0.24607374,0.23699388,0.22901718,0.2209279,0.21407141
366,,,,0.19393222,0.2148828,0.21379875,0.23133162,0.23913616,0.23711406,0.2518885,0.25487196,0.24609615,0.23701139,0.2290367,0.22094475,0.2140864
367,,,,0.19408317,0.21491008,0.21381,0.23139201,0.23914503,0.23712812,0.25194892,0.25488272,0.24610838,0.23702113,0.22904521,0.22095408,0.21409507
368,,,,0.19423018,0.2149408,0.21381408,0.23144823,0.23915508,0.23714003,0.25200695,0.25489262,0.24612413,0.23703268,0.22905843,0.22096339,0.2141029
369,,,,0.19437668,0.21496291,0.21382749,0.23150869,0.2391641,0.23715585,0.2520644,0.25490642,0.24613704,0.23704615,0.22907023,0.22097299,0.2141122
370,,,,0.19451965,0.214984,0.21383834,0.2315718,0.23916991,0.23717324,0.2521254,0.25491568,0.2461524,0.23705676,0.22908345,0.22098473,0.21412215
371,,,,0.19468524,0.21500666,0.21385214,0.23163337,0.2391795,0.23719013,0.25218427,0.2549309,0.2461666,0.23707125,0.22909589,0.22099729,0.21413016
372,,,,0.19483584,0.21502806,0.21386696,0.23169854,0.23918846,0.23720835,0.25224456,0.25494528,0.24618149,0.23708199,0.2291093,0.22100826,0.21413545
373,,,,0.19498566,0.21506448,0.21387917,0.2317631,0.23919846,0.23722991,0.25230154,0.2549588,0.24619377,0.23709333,0.22912447,0.22101848,0.21414497
374,,,,0.19510192,0.21508546,0.21389759,0.2318112,0.23920402,0.23724551,0.25235128,0.25497183,0.24621117,0.23710382,0.22913966,0.2210273,0.21415508
375,,,,0.19525011,0.21510492,0.21391034,0.2318732,0.23921327,0.23725925,0.25241122,0.25498378,0.24623105,0.23711725,0.22915399,0.22104007,0.2141638
376,,,,0.19539152,0.21512097,0.2139217,0.2319408,0.23921743,0.23727721,0.2524681,0.2549977,0.24624571,0.23713185,0.22916862,0.22105037,0.21416701
377,,,,0.19553386,0.21514732,0.21393313,0.23201074,0.23922649,0.23729195,0.2525234,0.25501218,0.24626134,0.23714219,0.22918242,0.22105862,0.21417734
378,,,,0.19567993,0.21517624,0.21393915,0.23207308,0.23923022,0.23730968,0.2525789,0.25502804,0.24627526,0.23715448,0.2291972,0.22106916,0.21418804
379,,,,0.19582903,0.21519403,0.21395303,0.23214133,0.23923308,0.23732443,0.25263655,0.2550374,0.24629052,0.23716792,0.22920646,0.22108106,0.21419759
380,,,,0.1959738,0.21522215,0.21396732,0.23220545,0.23923832,0.23734,0.2526915,0.25505212,0.2463056,0.23718204,0.22921823,0.22109593,0.21420789
381,,,,0.19612966,0.215241,0.21398018,0.23227504,0.23924294,0.23735696,0.25274748,0.2550676,0.24631919,0.23719649,0.22923349,0.22110812,0.21421981
382,,,,0.19627932,0.21525605,0.21399012,0.23233904,0.23924944,0.23737544,0.25280395,0.2550816,0.24633333,0.23720847,0.22924533,0.22111681,0.21422875
383,,,,0.19641937,0.21528167,0.21400927,0.23240705,0.23925173,0.23739766,0.25286016,0.25509468,0.24634844,0.23722501,0.2292612,0.2211291,0.21423942
384,,,,0.19657168,0.21529722,0.21402523,0.23247844,0.2392539,0.23742016,0.2529163,0.25511137,0.24636331,0.23724093,0.22927596,0.22114158,0.21424735
385,,,,0.19671643,0.21532471,0.21404587,0.23254795,0.23925659,0.23743752,0.25297478,0.25512597,0.24638167,0.23725392,0.22929005,0.22115244,0.21425737
386,,,,0.1968561,0.21534297,0.21406357,0.23262037,0.23926401,0.2374524,0.2530326,0.25514248,0.2464006,0.23726706,0.22930078,0.22116286,0.21426868
387,,,,0.19700478,0.21536103,0.21408394,0.23268682,0.23926914,0.23747024,0.2530929,0.25515562,0.24641894,0.23728102,0.22931443,0.22117376,0.21428022
388,,,,0.19714263,0.21537459,0.21409187,0.23275606,0.23927592,0.2374874,0.25314957,0.25517043,0.24643297,0.2372973,0.22932844,0.22118774,0.2142895
389,,,,0.19725949,0.21538375,0.21410553,0.23281123,0.23928264,0.23750883,0.25319508,0.2551838,0.24645096,0.23731212,0.22934572,0.22119777,0.2143009
390,,,,0.1974017,0.21540384,0.2141227,0.23287182,0.23928823,0.23753147,0.2532512,0.255201,0.24646834,0.2373247,0.22936106,0.22121117,0.21431002
391,,,,0.19754845,0.21542773,0.21413553,0.23292612,0.23929271,0.2375536,0.2533073,0.2552176,0.2464885,0.23733924,0.22937387,0.22122496,0.2143187
392,,,,0.19768475,0.21544433,0.21415477,0.23298322,0.23929386,0.23757629,0.25336316,0.25523707,0.24650536,0.23735644,0.22938932,0.2212409,0.2143314
393,,,,0.19782305,0.21546325,0.21417513,0.23304372,0.2392974,0.23759533,0.25341815,0.25525555,0.24652618,0.23737003,0.2294074,0.2212541,0.21434155
394,,,,0.19795333,0.21547925,0.21420252,0.2331025,0.23930117,0.23761304,0.25347275,0.2552713,0.2465464,0.23738614,0.22942321,0.22126648,0.21435203
395,,,,0.1980867,0.21549757,0.21422084,0.23315784,0.23930494,0.23763311,0.25352767,0.2552855,0.24656516,0.2373999,0.22943872,0.22127855,0.21436334
396,,,,0.19823359,0.21551505,0.2142379,0.23321776,0.23931055,0.23765357,0.25358367,0.25530258,0.24658085,0.23741546,0.22945671,0.22129242,0.21437244
397,,,,0.1983705,0.21553497,0.21425541,0.2332763,0.23931618,0.2376684,0.25364062,0.255317,0.24659532,0.23742972,0.22946985,0.22130397,0.21438123
398,,,,0.19850369,0.2155519,0.21427935,0.23333456,0.23932071,0.23768796,0.25369892,0.25533688,0.24661285,0.23744756,0.22948925,0.22131774,0.21439375
399,,,,0.19865152,0.21557298,0.21430276,0.23338939,0.23932451,0.23771329,0.25375497,0.2553554,0.24663173,0.23746502,0.22950499,0.22133368,0.21440758
400,,,,0.1987802,0.21558404,0.21432818,0.23344813,0.23932452,0.23773412,0.25381118,0.25537488,0.24664524,0.23748307,0.22952569,0.22134891,0.21441773
401,,,,0.19892181,0.21560416,0.21435122,0.23350501,0.23932555,0.23776232,0.25386596,0.2553939,0.24666823,0.23749815,0.22953916,0.2213616,0.21442616
402,,,,0.19906096,0.21562275,0.21437342,0.233562,0.23932575,0.23778245,0.25392354,0.25541064,0.24668884,0.23751514,0.22955878,0.22137608,0.21443965
403,,,,0.19920823,0.21564299,0.21439683,0.2336193,0.23932588,0.23780857,0.25398102,0.25542796,0.24670735,0.2375304,0.22957338,0.22139226,0.21444978
404,,,,0.19932647,0.21566477,0.2144155,0.23366603,0.23932722,0.23782952,0.25402725,0.25544423,0.24672846,0.2375466,0.22958843,0.22140741,0.21446379
405,,,,0.19945866,0.21567182,0.21443488,0.23372369,0.23932727,0.23785117,0.25407982,0.255466,0.24674787,0.2375631,0.229606,0.22142163,0.21447647
406,,,,0.19959041,0.21568176,0.21445121,0.23378316,0.23932755,0.237879,0.2541326,0.25548238,0.24676813,0.2375825,0.22962442,0.22143315,0.2144894
407,,,,0.19973177,0.21568963,0.21447662,0.23384376,0.23932812,0.23790094,0.25418517,0.25550166,0.24678998,0.23759982,0.22964306,0.22144689,0.21450071
408,,,,0.19986093,0.21569839,0.21449867,0.23390317,0.23932827,0.23792501,0.25423768,0.25552315,0.2468113,0.23761718,0.22966075,0.22146061,0.21451253
409,,,,0.20000155,0.2157052,0.21452703,0.23396261,0.23932843,0.237946,0.25428924,0.25554106,0.24683285,0.23763444,0.22968303,0.2214783,0.21452679
410,,,,0.20014264,0.21570821,0.2145527,0.23401941,0.23932914,0.23797145,0.25434127,0.2555609,0.2468573,0.23764989,0.2297018,0.22149108,0.21453919
411,,,,0.20029601,0.21571763,0.21457417,0.2340771,0.23932925,0.23799507,0.2543934,0.2555761,0.24688093,0.2376666,0.22972028,0.22150616,0.21455103
412,,,,0.20041414,0.21572657,0.21460165,0.23413616,0.23932949,0.2380177,0.2544458,0.2555945,0.24690334,0.237684,0.22974133,0.22151983,0.2145639
413,,,,0.20054416,0.21572748,0.2146322,0.23419386,0.2393299,0.23804483,0.25449824,0.25561768,0.24692787,0.23770405,0.22976437,0.22153832,0.2145796
414,,,,0.20067675,0.21572995,0.21466602,0.23425247,0.23933065,0.23807473,0.25455013,0.25564092,0.24695252,0.23772289,0.22978361,0.22155865,0.21459663
415,,,,0.20079806,0.21573366,0.21470353,0.23430963,0.23933078,0.23810354,0.25460237,0.2556617,0.24697787,0.2377433,0.22980559,0.22157748,0.2146126
416,,,,0.2009355,0.21574202,0.21473078,0.23437075,0.23933251,0.2381324,0.2546547,0.25568497,0.24700211,0.2377666,0.2298303,0.22159801,0.21463062
417,,,,0.20107284,0.21574661,0.21476516,0.23442908,0.23933429,0.23816216,0.25470835,0.25570953,0.24702753,0.23778819,0.22985089,0.22161621,0.21464883
418,,,,0.20120533,0.21575394,0.21479306,0.2344891,0.23933482,0.23819444,0.2547617,0.25573024,0.2470513,0.23781005,0.2298748,0.22163667,0.21466455
419,,,,0.20132113,0.21575825,0.21482286,0.23453996,0.23933502,0.23822299,0.254806,0.25575262,0.24707462,0.23782939,0.2299002,0.2216565,0.21468176
420,,,,0.20144852,0.21576235,0.21485472,0.23459837,0.23933549,0.23824453,0.25485894,0.25577718,0.24709962,0.2378506,0.2299221,0.2216745,0.21469823
421,,,,0.20157595,0.21577248,0.2148891,0.2346575,0.2393355,0.23827371,0.25491202,0.2558025,0.2471233,0.23787135,0.22994478,0.221693,0.21471693
422,,,,0.20170508,0.21578005,0.21492326,0.23471764,0.2393359,0.23830374,0.25496623,0.2558256,0.24714686,0.23789297,0.22996868,0.2217141,0.21473552
423,,,,0.20184222,0.21579097,0.2149538,0.2347795,0.23933606,0.2383311,0.2550199,0.25584704,0.24717563,0.23791376,0.22999054,0.22173618,0.21475253
424,,,,0.20197959,0.21580097,0.21498275,0.23483859,0.23933612,0.23836268,0.25507244,0.25586885,0.24720158,0.23793408,0.2300148,0.22175467,0.21477082
425,,,,0.20211665,0.2158052,0.21501513,0.2348971,0.23933637,0.23839371,0.25512585,0.25589055,0.24722728,0.23795556,0.23004095,0.22177403,0.21478683
426,,,,0.20225109,0.21581957,0.21504839,0.23495443,0.23933655,0.23842236,0.2551799,0.2559146,0.2472498,0.23797457,0.23006119,0.22179298,0.21480353
427,,,,0.20239027,0.21583185,0.21507725,0.23501287,0.23933738,0.2384497,0.25523418,0.2559361,0.24727263,0.23799361,0.23008099,0.22180966,0.21481952
428,,,,0.20252526,0.21583974,0.21511559,0.23507133,0.2393378,0.23848218,0.25528747,0.25596085,0.24730243,0.2380174,0.2301052,0.22183143,0.21483621
429,,,,0.20265314,0.21585354,0.21515383,0.23513184,0.2393378,0.2385148,0.25534028,0.2559873,0.24733163,0.2380413,0.23012856,0.22185096,0.2148527
430,,,,0.20278646,0.21586272,0.21519421,0.23518881,0.23933798,0.23854807,0.25539294,0.25601256,0.24736089,0.2380645,0.23015177,0.22187167,0.2148722
431,,,,0.20292392,0.21587752,0.21523125,0.23524535,0.2393389,0.23857993,0.255448,0.256037,0.24738958,0.2380873,0.23017412,0.22189105,0.21488981
432,,,,0.20305961,0.21589059,0.21527237,0.23530209,0.23933919,0.23861217,0.25550166,0.25606304,0.24741636,0.23811112,0.23019837,0.22191055,0.21490736
433,,,,0.20318758,0.21589851,0.21530904,0.235361,0.2393401,0.23864399,0.255555,0.25608718,0.2474443,0.23813435,0.2302239,0.22193252,0.21492414
434,,,,0.20332806,0.21590516,0.2153468,0.23542076,0.23934042,0.23867828,0.25560918,0.2561141,0.24747242,0.23815775,0.23024717,0.22195232,0.21494327
435,,,,0.20346202,0.21591118,0.2153905,0.23547865,0.23934044,0.23871231,0.25566292,0.25613922,0.24749848,0.23818249,0.230269,0.22197358,0.21496108
436,,,,0.20358908,0.2159175,0.21543024,0.23553817,0.23934104,0.23874675,0.25571632,0.25616795,0.24752645,0.2382051,0.23029287,0.22199443,0.21497934
437,,,,0.20371847,0.21592848,0.21546821,0.23559874,0.23934269,0.23878027,0.255769,0.25619486,0.2475532,0.23822938,0.23031683,0.22201452,0.21499728
438,,,,0.20383686,0.21594399,0.21550545,0.23565939,0.23934394,0.23881267,0.25582138,0.25622067,0.24758002,0.23825337,0.23034027,0.22203487,0.21501519
439,,,,0.20396602,0.21595936,0.21553999,0.23572144,0.2393443,0.23884559,0.25587472,0.2562477,0.2476097,0.23827657,0.2303648,0.22205421,0.2150329
440,,,,0.20397891,0.21595947,0.2155773,0.23572545,0.23934473,0.23887779,0.25587916,0.25627407,0.24763784,0.23830055,0.23038788,0.22207586,0.21505047
441,,,,0.20411453,0.21597326,0.21561418,0.2357846,0.2393463,0.23891065,0.25593427,0.25630194,0.24766484,0.23832214,0.23041224,0.22209732,0.2150678
442,,,,0.20424718,0.21598445,0.21564406,0.23584127,0.23934653,0.23893313,0.25598896,0.25632378,0.2476869,0.23834062,0.23042986,0.22211373,0.21508108
443,,,,0.20437226,0.21599971,0.21567877,0.2359028,0.23934674,0.23896313,0.25604308,0.25634888,0.24771228,0.23836325,0.23045598,0.22213422,0.21509807
444,,,,0.20450005,0.21601452,0.21571425,0.23595963,0.23935142,0.23899534,0.25609696,0.25637212,0.24773854,0.2383845,0.23047781,0.2221524,0.21511519
445,,,,0.20462945,0.21602619,0.21575296,0.23601678,0.23935308,0.23902687,0.25615028,0.25639787,0.2477682,0.23840751,0.23050141,0.22217347,0.21513264
446,,,,0.20476112,0.2160399,0.21578662,0.23607515,0.2393551,0.23905896,0.25620338,0.2564245,0.24779586,0.23842779,0.23052317,0.22219406,0.21514994
447,,,,0.20489287,0.2160508,0.21582471,0.23613146,0.23935701,0.23909003,0.2562564,0.25645122,0.24782363,0.23845108,0.23054586,0.2222147,0.21516664
448,,,,0.2050286,0.21606113,0.21586083,0.23618689,0.23936038,0.23912127,0.25631025,0.25647646,0.24784696,0.23847182,0.23056899,0.22223566,0.21518305
449,,,,0.2051631,0.21607347,0.21589722,0.2362458,0.23936479,0.23915374,0.25636286,0.25650117,0.24787368,0.23849548,0.2305912,0.22225502,0.21519847
450,,,,0.20529242,0.21609104,0.2159366,0.23630367,0.23936516,0.23918374,0.2564168,0.25652623,0.24789901,0.23851839,0.23061368,0.22227527,0.21521679
451,,,,0.20541897,0.21610148,0.2159752,0.23635963,0.23936531,0.23921458,0.25646994,0.25654992,0.24792655,0.23854023,0.23063584,0.22229464,0.21523406
452,,,,0.20556192,0.2161165,0.21601039,0.23641552,0.23936878,0.2392455,0.25652388,0.25657538,0.2479562,0.23856018,0.23065947,0.22231443,0.21525015
453,,,,0.20570077,0.21612708,0.21604948,0.2364719,0.23937155,0.23927854,0.25657827,0.2566003,0.24798296,0.23858185,0.23068324,0.22233549,0.21526869
454,,,,0.20583506,0.21613917,0.21608335,0.23653087,0.23937346,0.23931003,0.2566326,0.25662696,0.24800962,0.2386059,0.23070697,0.22235622,0.21528637
455,,,,0.20593996,0.21615048,0.21611685,0.23657869,0.23937532,0.23934291,0.25667778,0.25665128,0.24803647,0.23862962,0.2307304,0.22237656,0.215305
